cluster_id,working_name,sample_count,density_median_gcc,density_p10,density_p90,susceptibility_median_SI,susceptibility_p10,susceptibility_p90,has_measured_density,has_measured_susceptibility
0,user_Granite_Gneiss,0,2.6610989623178893,2.657436978046997,2.664760946588782,0.00025735565706949806,0.0,0.0008657509947758441,yes,yes
1,user_Felsic_Intermediate,0,2.6693762177146625,2.6667689602318405,2.6719834751974845,0.0007630054613652287,0.0,0.002460128974384111,yes,yes
2,user_Mafic_Upper,0,2.6795284970422264,2.676145605224563,2.68291138885989,0.008317100642994242,0.003224377774831853,0.013409823511156632,yes,yes
3,user_Mafic_Lower,0,2.692234877348485,2.6891144474771806,2.6953553072197893,0.018347061393939393,0.01076693969506693,0.025927183092811855,yes,yes
4,user_Massive_Sulfide,0,2.710803133298969,2.701474772348139,2.720131494249799,0.038043638041237116,0.018273538807505974,0.05781373727496826,yes,yes
5,auto_Auto_1,0,2.6719328853704702,2.661417443219789,2.6824483275211515,0.018178075889808663,0.006081679309344189,0.030274472470273137,yes,yes
6,auto_Auto_2,0,2.6774049902446806,2.674959709521683,2.679850270967678,3.4783597553191483e-06,0.0,1.4814321449731082e-05,yes,yes
7,auto_Auto_3,0,2.6785071411956523,2.6599727698236006,2.697041512567704,0.0015368895933333333,0.0,0.003977951572917497,yes,yes 
